Name,Age,Gender,ContactNo,Email
"Rahul Sharma",35,"Male","9876543210","rahul.sharma@example.com"
"Priya Patel",28,"Female","8765432109","priya.patel@example.com"
"Amit Singh",67,"Male","7654321098","amit.singh@example.com"
"Neha Gupta",22,"Female","6543210987","neha.gupta@example.com"
"Vijay Kumar",45,"Male","9432109876","vijay.kumar@example.com"
"Ananya Desai",19,"Female","8321098765","ananya.desai@example.com"
"Rajesh Khanna",72,"Male","7210987654","rajesh.khanna@example.com"
"Meena Iyer",65,"Female","6109876543","meena.iyer@example.com"
"Arjun Reddy",24,"Male","5098765432","arjun.reddy@example.com"
"Divya Nair",31,"Female","4987654321","divya.nair@example.com"
"Sanjay Verma",58,"Male","3876543210","sanjay.verma@example.com"
"Pooja Mehta",27,"Female","2765432109","pooja.mehta@example.com"
"Vikram Joshi",63,"Male","1654321098","vikram.joshi@example.com"
"Anjali Kapoor",29,"Female","9543210987","anjali.kapoor@example.com"
"Ravi Shastri",42,"Male","8432109876","ravi.shastri@example.com"
"Sneha Malhotra",23,"Female","7321098765","sneha.malhotra@example.com"
"Harish Pandey",71,"Male","6210987654","harish.pandey@example.com"
"Geeta Choudhary",68,"Female","5109876543","geeta.choudhary@example.com"
"Karan Johar",38,"Male","4098765432","karan.johar@example.com"
"Shweta Rao",33,"Female","3987654321","shweta.rao@example.com"
"Manoj Bajpayee",52,"Male","2876543210","manoj.bajpayee@example.com"
"Radhika Apte",36,"Female","1765432109","radhika.apte@example.com"
"Akshay Kumar",55,"Male","0654321098","akshay.kumar@example.com"
"Vidya Balan",44,"Female","9543210987","vidya.balan@example.com"
"Irfan Khan",53,"Male","8432109876","irfan.khan@example.com"
"Tabu",49,"Female","7321098765","tabu@example.com"
"Pankaj Tripathi",47,"Male","6210987654","pankaj.tripathi@example.com"
"Konkona Sen",43,"Female","5109876543","konkona.sen@example.com"
"Nawazuddin Siddiqui",48,"Male","4098765432","nawazuddin.siddiqui@example.com"
"Huma Qureshi",37,"Female","3987654321","huma.qureshi@example.com"